loss,train,estimators,train_time,params,iteration
-0.767192231335177,-0.8248670929390949,120.0,5.63601837281999,"{'boosting_type': 'dart', 'class_weight': 'balanced', 'colsample_bytree': 0.9764218640046081, 'learning_rate': 0.02598662929835806, 'min_child_samples': 180, 'num_leaves': 36, 'reg_alpha': 0.913665951698357, 'reg_lambda': 0.5039045255448302, 'subsample_for_bin': 160000, 'subsample': 0.5625144487644012}",2
-0.7615779171569718,-0.7650028738048007,69.8,1.2871811238276223,"{'boosting_type': 'goss', 'class_weight': None, 'colsample_bytree': 0.7168888263457261, 'learning_rate': 0.08118311357570374, 'min_child_samples': 480, 'num_leaves': 83, 'reg_alpha': 0.5603395815654248, 'reg_lambda': 0.5710133264963578, 'subsample_for_bin': 300000, 'subsample': 1.0}",3
-0.7680556486219079,-0.8192922265006158,27.6,1.4967931760697866,"{'boosting_type': 'goss', 'class_weight': None, 'colsample_bytree': 0.7091166398604745, 'learning_rate': 0.1422994267383496, 'min_child_samples': 105, 'num_leaves': 72, 'reg_alpha': 0.5373808334224935, 'reg_lambda': 0.6324246210393318, 'subsample_for_bin': 280000, 'subsample': 1.0}",4
-0.7668466533261241,-0.8414871811290834,154.8,2.3300127317224906,"{'boosting_type': 'gbdt', 'class_weight': None, 'colsample_bytree': 0.8705341048408093, 'learning_rate': 0.04956363163180321, 'min_child_samples': 330, 'num_leaves': 143, 'reg_alpha': 0.018121430171310293, 'reg_lambda': 0.8502101585501451, 'subsample_for_bin': 80000, 'subsample': 0.7606828244463677}",5
-0.7581743719248024,-0.846053725978439,92.4,3.1629085898734957,"{'boosting_type': 'gbdt', 'class_weight': None, 'colsample_bytree': 0.7413485098708712, 'learning_rate': 0.024576906705920363, 'min_child_samples': 25, 'num_leaves': 44, 'reg_alpha': 0.625171676202833, 'reg_lambda': 0.6805074303278777, 'subsample_for_bin': 260000, 'subsample': 0.6297664563010128}",6
