loss,train,estimators,train_time,params,iteration
-0.7613082787353523,-0.8726557016553056,75.6,8.624063324178012,"{'boosting_type': 'dart', 'class_weight': None, 'colsample_bytree': 0.6721977855378921, 'learning_rate': 0.10889825742239438, 'min_child_samples': 35, 'num_leaves': 58, 'reg_alpha': 0.7755617848174636, 'reg_lambda': 0.7684052534577586, 'subsample_for_bin': 240000, 'subsample': 0.9186241247682099}",2
-0.7697892949519953,-0.7926234865603419,177.0,2.1998353635087255,"{'boosting_type': 'goss', 'class_weight': 'balanced', 'colsample_bytree': 0.8834589981795999, 'learning_rate': 0.054098718849793385, 'min_child_samples': 470, 'num_leaves': 116, 'reg_alpha': 0.21352364067394936, 'reg_lambda': 0.580483010352201, 'subsample_for_bin': 20000, 'subsample': 1.0}",3
-0.7581516170147039,-0.8650524204399719,141.6,4.902104434376373,"{'boosting_type': 'gbdt', 'class_weight': None, 'colsample_bytree': 0.629599603793414, 'learning_rate': 0.0195979480775472, 'min_child_samples': 25, 'num_leaves': 64, 'reg_alpha': 0.9888808046311667, 'reg_lambda': 0.46678984629319675, 'subsample_for_bin': 80000, 'subsample': 0.8243702177863805}",4
-0.7684741746940057,-0.8207163854311504,35.6,2.190121582967917,"{'boosting_type': 'gbdt', 'class_weight': 'balanced', 'colsample_bytree': 0.8794527985116436, 'learning_rate': 0.12425640932943384, 'min_child_samples': 375, 'num_leaves': 88, 'reg_alpha': 0.8957328991842315, 'reg_lambda': 0.8001853323650469, 'subsample_for_bin': 300000, 'subsample': 0.6663096224369767}",5
-0.7651730921644848,-0.8082837312037462,165.2,1.8357258910509202,"{'boosting_type': 'goss', 'class_weight': None, 'colsample_bytree': 0.8803084092273381, 'learning_rate': 0.11507676289960964, 'min_child_samples': 325, 'num_leaves': 134, 'reg_alpha': 0.6106121441693401, 'reg_lambda': 0.6490862527863744, 'subsample_for_bin': 120000, 'subsample': 1.0}",6
