loss,train,estimators,train_time,params,iteration
-0.7726819522791677,-0.819735249958874,249.6,1.6798017310136402,"{'boosting_type': 'goss', 'class_weight': 'balanced', 'colsample_bytree': 0.885238016885687, 'learning_rate': 0.08297750566782122, 'min_child_samples': 400, 'num_leaves': 78, 'reg_alpha': 0.8570474624562273, 'reg_lambda': 0.20061022850531263, 'subsample_for_bin': 100000, 'subsample': 1.0}",2
-0.7678879800156242,-0.8455731392374876,84.8,1.9323893199166946,"{'boosting_type': 'goss', 'class_weight': None, 'colsample_bytree': 0.7309008963265395, 'learning_rate': 0.07449403943678422, 'min_child_samples': 110, 'num_leaves': 101, 'reg_alpha': 0.056076459327698336, 'reg_lambda': 0.6389491698840711, 'subsample_for_bin': 220000, 'subsample': 1.0}",3
-0.7722024973823665,-0.8483165945497552,197.0,8.46129112636487,"{'boosting_type': 'dart', 'class_weight': 'balanced', 'colsample_bytree': 0.8523279607641367, 'learning_rate': 0.07662953225152201, 'min_child_samples': 240, 'num_leaves': 68, 'reg_alpha': 0.5464116066586574, 'reg_lambda': 0.8197593496690962, 'subsample_for_bin': 260000, 'subsample': 0.5611109141166888}",4
-0.7680641909160895,-0.8264549737436775,91.4,7.070488686516342,"{'boosting_type': 'dart', 'class_weight': 'balanced', 'colsample_bytree': 0.8348171945539904, 'learning_rate': 0.013135952797230182, 'min_child_samples': 145, 'num_leaves': 114, 'reg_alpha': 0.7626710457555804, 'reg_lambda': 0.8859618584870383, 'subsample_for_bin': 220000, 'subsample': 0.629377886526258}",5
-0.769132932579686,-0.801188339062614,284.4,11.30482519766025,"{'boosting_type': 'dart', 'class_weight': 'balanced', 'colsample_bytree': 0.8247410000518945, 'learning_rate': 0.019065786139051098, 'min_child_samples': 280, 'num_leaves': 103, 'reg_alpha': 0.64331419121724, 'reg_lambda': 0.22277152051450122, 'subsample_for_bin': 140000, 'subsample': 0.5081927022296684}",6
